Player,Passes Made,Passes Received,Centrality
364,1.0,1.4095238095238094,0.4303592964621131
664,1.0,1.1,0.4053617774907298
639,1.0,1.1166666666666667,0.3787626586857525
18,1.0,1.45,0.36428545234679766
496,1.0,1.15,0.35638213290651516
355,1.0,1.7595238095238097,0.3477983952362748
808,0.9999999999999999,0.7714285714285714,0.2892928954326465
86,1.0,0.5428571428571429,0.1932283093353318
32,1.0,0.7,0.07285709046935955
785,1.0,0.0,3.177153095715598e-19
